{
  "main": {
    "id": "cbf1b31bab2f024a",
    "type": "split",
    "children": [
      {
        "id": "f0f11eefe2657cf4",
        "type": "tabs",
        "children": [
          {
            "id": "3f88fd4a4a0611e6",
            "type": "leaf",
            "state": {
              "type": "markdown",
              "state": {
                "file": "数据类型/类型判断.md",
                "mode": "source",
                "source": false
              }
            }
          }
        ]
      }
    ],
    "direction": "vertical"
  },
  "left": {
    "id": "7e056225fba95c5c",
    "type": "split",
    "children": [
      {
        "id": "e13bea6ac2f201ad",
        "type": "tabs",
        "children": [
          {
            "id": "652283637ab818a1",
            "type": "leaf",
            "state": {
              "type": "file-explorer",
              "state": {
                "sortOrder": "alphabetical"
              }
            }
          },
          {
            "id": "45086163523beb73",
            "type": "leaf",
            "state": {
              "type": "search",
              "state": {
                "query": "xss",
                "matchingCase": false,
                "explainSearch": false,
                "collapseAll": false,
                "extraContext": false,
                "sortOrder": "alphabetical"
              }
            }
          },
          {
            "id": "66124579bb6bfce1",
            "type": "leaf",
            "state": {
              "type": "bookmarks",
              "state": {}
            }
          }
        ]
      }
    ],
    "direction": "horizontal",
    "width": 300
  },
  "right": {
    "id": "2b18b5c9969200ab",
    "type": "split",
    "children": [
      {
        "id": "246eaf0b80102280",
        "type": "tabs",
        "children": [
          {
            "id": "c98e118ee0793321",
            "type": "leaf",
            "state": {
              "type": "backlink",
              "state": {
                "file": "数据类型/类型判断.md",
                "collapseAll": true,
                "extraContext": false,
                "sortOrder": "alphabetical",
                "showSearch": false,
                "searchQuery": "",
                "backlinkCollapsed": false,
                "unlinkedCollapsed": false
              }
            }
          },
          {
            "id": "81185cc00e3008e4",
            "type": "leaf",
            "state": {
              "type": "outgoing-link",
              "state": {
                "file": "数据类型/类型判断.md",
                "linksCollapsed": false,
                "unlinkedCollapsed": true
              }
            }
          },
          {
            "id": "c5fe467b477b5b99",
            "type": "leaf",
            "state": {
              "type": "tag",
              "state": {
                "sortOrder": "frequency",
                "useHierarchy": true
              }
            }
          },
          {
            "id": "610f7593fd6bb712",
            "type": "leaf",
            "state": {
              "type": "outline",
              "state": {
                "file": "数据类型/类型判断.md"
              }
            }
          }
        ],
        "currentTab": 3
      }
    ],
    "direction": "horizontal",
    "width": 300
  },
  "left-ribbon": {
    "hiddenItems": {
      "switcher:打开快速切换": false,
      "graph:查看关系图谱": false,
      "canvas:新建白板": false,
      "daily-notes:打开/创建今天的日记": false,
      "templates:插入模板": false,
      "command-palette:打开命令面板": false
    }
  },
  "active": "3f88fd4a4a0611e6",
  "lastOpenFiles": [
    "问题积累/peacetime.md",
    "数据类型/类型判断.md",
    "数据类型/概览.md",
    "数据类型/对象属性方法.md",
    "数据类型/对象方法.md",
    "设计模式/设计模式.md",
    "面向对象/继承.md",
    "面向对象/多种继承方式.md",
    "面试/selfFuc.md",
    "面试/常用概念.md",
    "浏览器原理/浏览器原理.md",
    "浏览器原理/assets/浏览器原理/image-20240723104420789.png",
    "浏览器原理/assets/浏览器原理/image-20240723104411034.png",
    "零散知识/promise.md",
    "零散知识/get&post.md",
    "零散知识/运算符优先级.md",
    "零散知识/运算符.md",
    "零散知识/事件循环及消息队列.md",
    "零散知识/Macro&MicroTask.md",
    "markdown/图片资源的处理.md",
    "assets/图片资源的处理/image-20240719164530109.png.md",
    "assets/图片资源的处理",
    "assets",
    "markdown/assets文件夹处理.md",
    "vue/源码分析/vue.md",
    "markdown/assets/assets文件夹处理/image-20240719164530109.png",
    "markdown/assets/assets文件夹处理",
    "网络/https加密过程.md",
    "网络/assets/https加密过程/image-20240719093630815.png",
    "网络/assets/https加密过程",
    "计算机基础/assets/git/image-20240719093549833.png",
    "网络/http的发展史.md",
    "网络/cache.md",
    "网络/网络协议.md",
    "网络/三次握手四次挥手.md",
    "网络/网络协议/image-20210714153451934.png",
    "网络/网络协议/image-20210714152647756.png",
    "网络/网络协议/b20e3fe2fd2a486498a8683ff92fb69d~tplv-k3u1fbpfcp-watermark-20211220150615293.gif",
    "网络/网络协议/HTTP权威指南第六章IP分组.jpeg",
    "网络/网络协议/6b87668471004dffbe71ee14b7bd8c8d~tplv-k3u1fbpfcp-watermark.gif",
    "网络/网络协议",
    "网络/http的发展史",
    "网络/assets/http的发展史",
    "javascript/assets/闭包",
    "网络/assets/网络协议",
    "网络/图解HTTP/assets/http1",
    "零散知识/未命名.canvas",
    "未命名 2.canvas",
    "未命名.canvas",
    "未命名 1.canvas"
  ]
}